site,public_ms,isp_ms,speedup,percent_improv
apple.com,38.5,29,0.753247,-32.7586
cloudflare.com,45,29.5,0.655556,-52.5424
cnn.com,42,28.5,0.678571,-47.3684
example.com,36.5,30,0.821918,-21.6667
github.com,39,31,0.794872,-25.8065
medium.com,46,29,0.630435,-58.6207
nytimes.com,42,29,0.690476,-44.8276
reddit.com,36.5,30,0.821918,-21.6667
stackoverflow.com,42,30.5,0.72619,-37.7049
wikipedia.org,39.5,29,0.734177,-36.2069
